LeftPos,LeftVelocity,LeftAcceleration,LeftJerk,LeftHeading,LeftDt,LeftX,LeftY,RightPos,RightVelocity,RightAcceleration,RightJerk,RightHeading,RightDt,RightX,RightY,
0.002, 0.182, 9.109, 455.466, 0.000, 0.020, 30.002, -133.938, 0.002, 0.182, 9.109, 455.466, 0.000, 0.020, 30.002, -136.063
0.009, 0.364, 9.109, 0.000, 0.000, 0.020, 30.009, -133.938, 0.009, 0.364, 9.109, 0.000, 0.000, 0.020, 30.009, -136.063
0.026, 0.820, 22.773, 683.198, 0.000, 0.020, 30.026, -133.938, 0.026, 0.820, 22.773, 683.198, 0.000, 0.020, 30.026, -136.063
0.055, 1.457, 31.883, 455.466, 0.000, 0.020, 30.055, -133.938, 0.055, 1.457, 31.883, 455.466, 0.000, 0.020, 30.055, -136.063
0.100, 2.277, 40.992, 455.466, 0.000, 0.020, 30.100, -133.938, 0.100, 2.277, 40.992, 455.466, 0.000, 0.020, 30.100, -136.063
0.166, 3.279, 50.101, 455.466, 0.000, 0.020, 30.166, -133.938, 0.166, 3.279, 50.101, 455.466, 0.000, 0.020, 30.166, -136.063
0.255, 4.464, 59.211, 455.466, 0.000, 0.020, 30.255, -133.938, 0.255, 4.464, 59.211, 455.466, 0.000, 0.020, 30.255, -136.063
0.372, 5.830, 68.320, 455.466, 0.000, 0.020, 30.372, -133.938, 0.372, 5.830, 68.320, 455.466, 0.000, 0.020, 30.372, -136.063
0.519, 7.379, 77.429, 455.466, 0.000, 0.020, 30.519, -133.938, 0.519, 7.379, 77.429, 455.466, 0.000, 0.020, 30.519, -136.063
0.701, 9.109, 86.538, 455.466, 0.000, 0.020, 30.701, -133.938, 0.701, 9.109, 86.538, 455.466, 0.000, 0.020, 30.701, -136.063
0.922, 11.022, 95.648, 455.466, 0.000, 0.020, 30.922, -133.938, 0.922, 11.022, 95.648, 455.466, 0.000, 0.020, 30.922, -136.063
1.184, 13.117, 104.757, 455.466, 0.000, 0.020, 31.184, -133.938, 1.184, 13.117, 104.757, 455.466, 0.000, 0.020, 31.184, -136.063
1.492, 15.395, 113.866, 455.466, 0.000, 0.020, 31.492, -133.938, 1.492, 15.395, 113.866, 455.466, 0.000, 0.020, 31.492, -136.063
1.847, 17.763, 118.421, 227.733, 0.000, 0.020, 31.847, -133.938, 1.847, 17.763, 118.421, 227.733, 0.000, 0.020, 31.847, -136.063
2.250, 20.132, 118.421, 0.000, 0.000, 0.020, 32.250, -133.938, 2.250, 20.132, 118.421, 0.000, 0.000, 0.020, 32.250, -136.063
2.700, 22.500, 118.421, -0.000, 0.000, 0.020, 32.700, -133.938, 2.700, 22.500, 118.421, -0.000, 0.000, 0.020, 32.700, -136.063
3.197, 24.868, 118.421, 0.000, 0.000, 0.020, 33.197, -133.938, 3.197, 24.868, 118.421, 0.000, 0.000, 0.020, 33.197, -136.063
3.742, 27.237, 118.421, -0.000, 0.000, 0.020, 33.742, -133.938, 3.742, 27.237, 118.421, -0.000, 0.000, 0.020, 33.742, -136.063
4.334, 29.605, 118.421, 0.000, 0.000, 0.020, 34.334, -133.938, 4.334, 29.605, 118.421, 0.000, 0.000, 0.020, 34.334, -136.063
4.972, 31.883, 113.866, -227.733, 0.000, 0.020, 34.972, -133.938, 4.972, 31.883, 113.866, -227.733, 0.000, 0.020, 34.972, -136.063
5.651, 33.978, 104.757, -455.466, 0.000, 0.020, 35.651, -133.938, 5.651, 33.978, 104.757, -455.466, 0.000, 0.020, 35.651, -136.063
6.369, 35.891, 95.648, -455.466, 0.000, 0.020, 36.369, -133.938, 6.369, 35.891, 95.648, -455.466, 0.000, 0.020, 36.369, -136.063
7.122, 37.621, 86.538, -455.466, 0.000, 0.020, 37.122, -133.938, 7.122, 37.621, 86.538, -455.466, 0.000, 0.020, 37.122, -136.063
7.905, 39.170, 77.429, -455.466, 0.000, 0.020, 37.905, -133.938, 7.905, 39.170, 77.429, -455.466, 0.000, 0.020, 37.905, -136.063
8.716, 40.536, 68.320, -455.466, 0.000, 0.020, 38.716, -133.938, 8.716, 40.536, 68.320, -455.466, 0.000, 0.020, 38.716, -136.063
9.550, 41.721, 59.211, -455.466, 0.000, 0.020, 39.550, -133.938, 9.550, 41.721, 59.211, -455.466, 0.000, 0.020, 39.550, -136.063
10.405, 42.723, 50.101, -455.466, 0.000, 0.020, 40.405, -133.938, 10.405, 42.723, 50.101, -455.466, 0.000, 0.020, 40.405, -136.063
11.276, 43.543, 40.992, -455.466, 0.000, 0.020, 41.276, -133.938, 11.276, 43.543, 40.992, -455.466, 0.000, 0.020, 41.276, -136.063
12.159, 44.180, 31.883, -455.466, 0.000, 0.020, 42.159, -133.938, 12.159, 44.180, 31.883, -455.466, 0.000, 0.020, 42.159, -136.063
13.052, 44.636, 22.773, -455.466, 0.000, 0.020, 43.052, -133.938, 13.052, 44.636, 22.773, -455.466, 0.000, 0.020, 43.052, -136.063
13.950, 44.909, 13.664, -455.466, 0.000, 0.020, 43.950, -133.938, 13.950, 44.909, 13.664, -455.466, 0.000, 0.020, 43.950, -136.063
14.850, 45.000, 4.555, -455.466, 0.000, 0.020, 44.850, -133.938, 14.850, 45.000, 4.555, -455.466, 0.000, 0.020, 44.850, -136.063
15.750, 45.000, -0.000, -227.733, 0.000, 0.020, 45.750, -133.938, 15.750, 45.000, -0.000, -227.733, 0.000, 0.020, 45.750, -136.063
16.650, 45.000, 0.000, 0.000, 0.000, 0.020, 46.650, -133.938, 16.650, 45.000, 0.000, 0.000, 0.000, 0.020, 46.650, -136.063
17.550, 45.000, -0.000, -0.000, 0.000, 0.020, 47.550, -133.938, 17.550, 45.000, -0.000, -0.000, 0.000, 0.020, 47.550, -136.063
18.450, 45.000, 0.000, 0.000, 0.000, 0.020, 48.450, -133.938, 18.450, 45.000, 0.000, 0.000, 0.000, 0.020, 48.450, -136.063
19.350, 45.000, 0.000, 0.000, 0.000, 0.020, 49.350, -133.938, 19.350, 45.000, 0.000, 0.000, 0.000, 0.020, 49.350, -136.063
20.250, 45.000, 0.000, 0.000, 0.000, 0.020, 50.250, -133.938, 20.250, 45.000, 0.000, 0.000, 0.000, 0.020, 50.250, -136.063
21.150, 45.000, 0.000, 0.000, 0.000, 0.020, 51.150, -133.938, 21.150, 45.000, 0.000, 0.000, 0.000, 0.020, 51.150, -136.063
22.050, 45.000, -0.000, -0.000, 0.000, 0.020, 52.050, -133.938, 22.050, 45.000, -0.000, -0.000, 0.000, 0.020, 52.050, -136.063
22.950, 45.000, -0.000, 0.000, 0.000, 0.020, 52.950, -133.938, 22.950, 45.000, -0.000, 0.000, 0.000, 0.020, 52.950, -136.063
23.850, 45.000, 0.000, 0.000, 0.000, 0.020, 53.850, -133.938, 23.850, 45.000, 0.000, 0.000, 0.000, 0.020, 53.850, -136.063
24.750, 45.000, 0.000, 0.000, 0.000, 0.020, 54.750, -133.938, 24.750, 45.000, 0.000, 0.000, 0.000, 0.020, 54.750, -136.063
25.650, 45.000, 0.000, 0.000, 0.000, 0.020, 55.650, -133.938, 25.650, 45.000, 0.000, 0.000, 0.000, 0.020, 55.650, -136.063
26.550, 45.000, -0.000, -0.000, 0.000, 0.020, 56.550, -133.938, 26.550, 45.000, -0.000, -0.000, 0.000, 0.020, 56.550, -136.063
27.450, 45.000, 0.000, 0.000, 0.000, 0.020, 57.450, -133.938, 27.450, 45.000, 0.000, 0.000, 0.000, 0.020, 57.450, -136.063
28.350, 45.000, 0.000, 0.000, 0.000, 0.020, 58.350, -133.938, 28.350, 45.000, 0.000, 0.000, 0.000, 0.020, 58.350, -136.063
29.250, 45.000, 0.000, 0.000, 0.000, 0.020, 59.250, -133.938, 29.250, 45.000, 0.000, 0.000, 0.000, 0.020, 59.250, -136.063
30.150, 45.000, 0.000, 0.000, 0.000, 0.020, 60.150, -133.938, 30.150, 45.000, 0.000, 0.000, 0.000, 0.020, 60.150, -136.063
31.050, 45.000, 0.000, 0.000, 0.000, 0.020, 61.050, -133.938, 31.050, 45.000, 0.000, 0.000, 0.000, 0.020, 61.050, -136.063
31.950, 45.000, -0.000, -0.000, 0.000, 0.020, 61.950, -133.938, 31.950, 45.000, -0.000, -0.000, 0.000, 0.020, 61.950, -136.063
32.850, 45.000, 0.000, 0.000, 0.000, 0.020, 62.850, -133.938, 32.850, 45.000, 0.000, 0.000, 0.000, 0.020, 62.850, -136.063
33.750, 45.000, 0.000, 0.000, 0.000, 0.020, 63.750, -133.938, 33.750, 45.000, 0.000, 0.000, 0.000, 0.020, 63.750, -136.063
34.650, 45.000, 0.000, -0.000, 0.000, 0.020, 64.650, -133.938, 34.650, 45.000, 0.000, -0.000, 0.000, 0.020, 64.650, -136.063
35.550, 45.000, -0.000, -0.000, 0.000, 0.020, 65.550, -133.938, 35.550, 45.000, -0.000, -0.000, 0.000, 0.020, 65.550, -136.063
36.450, 45.000, 0.000, 0.000, 0.000, 0.020, 66.450, -133.938, 36.450, 45.000, 0.000, 0.000, 0.000, 0.020, 66.450, -136.063
37.350, 45.000, 0.000, 0.000, 0.000, 0.020, 67.350, -133.938, 37.350, 45.000, 0.000, 0.000, 0.000, 0.020, 67.350, -136.063
38.250, 45.000, 0.000, 0.000, 0.000, 0.020, 68.250, -133.938, 38.250, 45.000, 0.000, 0.000, 0.000, 0.020, 68.250, -136.063
39.150, 45.000, 0.000, 0.000, 0.000, 0.020, 69.150, -133.938, 39.150, 45.000, 0.000, 0.000, 0.000, 0.020, 69.150, -136.063
40.050, 45.000, 0.000, 0.000, 0.000, 0.020, 70.050, -133.938, 40.050, 45.000, 0.000, 0.000, 0.000, 0.020, 70.050, -136.063
40.950, 45.000, 0.000, 0.000, 0.000, 0.020, 70.950, -133.938, 40.950, 45.000, 0.000, 0.000, 0.000, 0.020, 70.950, -136.063
41.850, 45.000, 0.000, 0.000, 0.000, 0.020, 71.850, -133.938, 41.850, 45.000, 0.000, 0.000, 0.000, 0.020, 71.850, -136.063
42.750, 45.000, -0.000, -0.000, 0.000, 0.020, 72.750, -133.938, 42.750, 45.000, -0.000, -0.000, 0.000, 0.020, 72.750, -136.063
43.650, 45.000, 0.000, 0.000, 0.000, 0.020, 73.650, -133.938, 43.650, 45.000, 0.000, 0.000, 0.000, 0.020, 73.650, -136.063
44.550, 45.000, 0.000, -0.000, 0.000, 0.020, 74.550, -133.938, 44.550, 45.000, 0.000, -0.000, 0.000, 0.020, 74.550, -136.063
45.450, 45.000, -0.000, -0.000, 0.000, 0.020, 75.450, -133.938, 45.450, 45.000, -0.000, -0.000, 0.000, 0.020, 75.450, -136.063
46.350, 45.000, 0.000, 0.000, 0.000, 0.020, 76.350, -133.938, 46.350, 45.000, 0.000, 0.000, 0.000, 0.020, 76.350, -136.063
47.250, 45.000, -0.000, -0.000, 0.000, 0.020, 77.250, -133.938, 47.250, 45.000, -0.000, -0.000, 0.000, 0.020, 77.250, -136.063
48.150, 45.000, 0.000, 0.000, 0.000, 0.020, 78.150, -133.938, 48.150, 45.000, 0.000, 0.000, 0.000, 0.020, 78.150, -136.063
49.050, 45.000, 0.000, 0.000, 0.000, 0.020, 79.050, -133.938, 49.050, 45.000, 0.000, 0.000, 0.000, 0.020, 79.050, -136.063
49.950, 45.000, 0.000, 0.000, 0.000, 0.020, 79.950, -133.938, 49.950, 45.000, 0.000, 0.000, 0.000, 0.020, 79.950, -136.063
50.850, 45.000, 0.000, 0.000, 0.000, 0.020, 80.850, -133.938, 50.850, 45.000, 0.000, 0.000, 0.000, 0.020, 80.850, -136.063
51.750, 45.000, 0.000, 0.000, 0.000, 0.020, 81.750, -133.938, 51.750, 45.000, 0.000, 0.000, 0.000, 0.020, 81.750, -136.063
52.650, 45.000, 0.000, 0.000, 0.000, 0.020, 82.650, -133.938, 52.650, 45.000, 0.000, 0.000, 0.000, 0.020, 82.650, -136.063
53.550, 45.000, 0.000, 0.000, 0.000, 0.020, 83.550, -133.938, 53.550, 45.000, 0.000, 0.000, 0.000, 0.020, 83.550, -136.063
54.450, 45.000, -0.000, -0.000, 0.000, 0.020, 84.450, -133.938, 54.450, 45.000, -0.000, -0.000, 0.000, 0.020, 84.450, -136.063
55.350, 45.000, 0.000, 0.000, 0.000, 0.020, 85.350, -133.938, 55.350, 45.000, 0.000, 0.000, 0.000, 0.020, 85.350, -136.063
56.250, 45.000, -0.000, -0.000, 0.000, 0.020, 86.250, -133.938, 56.250, 45.000, -0.000, -0.000, 0.000, 0.020, 86.250, -136.063
57.150, 45.000, 0.000, 0.000, 0.000, 0.020, 87.150, -133.938, 57.150, 45.000, 0.000, 0.000, 0.000, 0.020, 87.150, -136.063
58.050, 45.000, 0.000, 0.000, 0.000, 0.020, 88.050, -133.938, 58.050, 45.000, 0.000, 0.000, 0.000, 0.020, 88.050, -136.063
58.950, 45.000, 0.000, 0.000, 0.000, 0.020, 88.950, -133.938, 58.950, 45.000, 0.000, 0.000, 0.000, 0.020, 88.950, -136.063
59.850, 45.000, 0.000, 0.000, 0.000, 0.020, 89.850, -133.938, 59.850, 45.000, 0.000, 0.000, 0.000, 0.020, 89.850, -136.063
60.750, 45.000, 0.000, 0.000, 0.000, 0.020, 90.750, -133.938, 60.750, 45.000, 0.000, 0.000, 0.000, 0.020, 90.750, -136.063
61.650, 45.000, 0.000, 0.000, 0.000, 0.020, 91.650, -133.938, 61.650, 45.000, 0.000, 0.000, 0.000, 0.020, 91.650, -136.063
62.550, 45.000, 0.000, 0.000, 0.000, 0.020, 92.550, -133.938, 62.550, 45.000, 0.000, 0.000, 0.000, 0.020, 92.550, -136.063
63.450, 45.000, 0.000, 0.000, 0.000, 0.020, 93.450, -133.938, 63.450, 45.000, 0.000, 0.000, 0.000, 0.020, 93.450, -136.063
64.350, 45.000, -0.000, -0.000, 0.000, 0.020, 94.350, -133.938, 64.350, 45.000, -0.000, -0.000, 0.000, 0.020, 94.350, -136.063
65.250, 45.000, 0.000, 0.000, 0.000, 0.020, 95.250, -133.938, 65.250, 45.000, 0.000, 0.000, 0.000, 0.020, 95.250, -136.063
66.150, 45.000, 0.000, -0.000, 0.000, 0.020, 96.150, -133.938, 66.150, 45.000, 0.000, -0.000, 0.000, 0.020, 96.150, -136.063
67.050, 45.000, -0.000, -0.000, 0.000, 0.020, 97.050, -133.938, 67.050, 45.000, -0.000, -0.000, 0.000, 0.020, 97.050, -136.063
67.950, 45.000, 0.000, 0.000, 0.000, 0.020, 97.950, -133.938, 67.950, 45.000, 0.000, 0.000, 0.000, 0.020, 97.950, -136.063
68.850, 45.000, 0.000, -0.000, 0.000, 0.020, 98.850, -133.938, 68.850, 45.000, 0.000, -0.000, 0.000, 0.020, 98.850, -136.063
69.750, 45.000, -0.000, -0.000, 0.000, 0.020, 99.750, -133.938, 69.750, 45.000, -0.000, -0.000, 0.000, 0.020, 99.750, -136.063
70.650, 45.000, 0.000, 0.000, 0.000, 0.020, 100.650, -133.938, 70.650, 45.000, 0.000, 0.000, 0.000, 0.020, 100.650, -136.063
71.550, 45.000, 0.000, -0.000, 0.000, 0.020, 101.550, -133.938, 71.550, 45.000, 0.000, -0.000, 0.000, 0.020, 101.550, -136.063
72.450, 45.000, -0.000, -0.000, 0.000, 0.020, 102.450, -133.938, 72.450, 45.000, -0.000, -0.000, 0.000, 0.020, 102.450, -136.063
73.350, 45.000, 0.000, 0.000, 0.000, 0.020, 103.350, -133.938, 73.350, 45.000, 0.000, 0.000, 0.000, 0.020, 103.350, -136.063
74.250, 45.000, 0.000, -0.000, 0.000, 0.020, 104.250, -133.938, 74.250, 45.000, 0.000, -0.000, 0.000, 0.020, 104.250, -136.063
75.150, 45.000, -0.000, -0.000, 0.000, 0.020, 105.150, -133.938, 75.150, 45.000, -0.000, -0.000, 0.000, 0.020, 105.150, -136.063
76.050, 45.000, 0.000, 0.000, 0.000, 0.020, 106.050, -133.938, 76.050, 45.000, 0.000, 0.000, 0.000, 0.020, 106.050, -136.063
76.950, 45.000, 0.000, -0.000, 0.000, 0.020, 106.950, -133.938, 76.950, 45.000, 0.000, -0.000, 0.000, 0.020, 106.950, -136.063
77.850, 45.000, -0.000, -0.000, 0.000, 0.020, 107.850, -133.938, 77.850, 45.000, -0.000, -0.000, 0.000, 0.020, 107.850, -136.063
78.750, 45.000, 0.000, 0.000, 0.000, 0.020, 108.750, -133.938, 78.750, 45.000, 0.000, 0.000, 0.000, 0.020, 108.750, -136.063
79.650, 45.000, 0.000, -0.000, 0.000, 0.020, 109.650, -133.938, 79.650, 45.000, 0.000, -0.000, 0.000, 0.020, 109.650, -136.063
80.550, 45.000, -0.000, -0.000, 0.000, 0.020, 110.550, -133.938, 80.550, 45.000, -0.000, -0.000, 0.000, 0.020, 110.550, -136.063
81.450, 45.000, 0.000, 0.000, 0.000, 0.020, 111.450, -133.938, 81.450, 45.000, 0.000, 0.000, 0.000, 0.020, 111.450, -136.063
82.350, 45.000, 0.000, -0.000, 0.000, 0.020, 112.350, -133.938, 82.350, 45.000, 0.000, -0.000, 0.000, 0.020, 112.350, -136.063
83.250, 45.000, -0.000, -0.000, 0.000, 0.020, 113.250, -133.938, 83.250, 45.000, -0.000, -0.000, 0.000, 0.020, 113.250, -136.063
84.150, 45.000, 0.000, 0.000, 0.000, 0.020, 114.150, -133.938, 84.150, 45.000, 0.000, 0.000, 0.000, 0.020, 114.150, -136.063
85.050, 45.000, 0.000, 0.000, 0.000, 0.020, 115.050, -133.938, 85.050, 45.000, 0.000, 0.000, 0.000, 0.020, 115.050, -136.063
85.950, 45.000, 0.000, 0.000, 0.000, 0.020, 115.950, -133.938, 85.950, 45.000, 0.000, 0.000, 0.000, 0.020, 115.950, -136.063
86.850, 45.000, -0.000, -0.000, 0.000, 0.020, 116.850, -133.938, 86.850, 45.000, -0.000, -0.000, 0.000, 0.020, 116.850, -136.063
87.750, 45.000, 0.000, 0.000, 0.000, 0.020, 117.750, -133.938, 87.750, 45.000, 0.000, 0.000, 0.000, 0.020, 117.750, -136.063
88.650, 45.000, 0.000, -0.000, 0.000, 0.020, 118.650, -133.938, 88.650, 45.000, 0.000, -0.000, 0.000, 0.020, 118.650, -136.063
89.550, 45.000, -0.000, -0.000, 0.000, 0.020, 119.550, -133.938, 89.550, 45.000, -0.000, -0.000, 0.000, 0.020, 119.550, -136.063
90.450, 45.000, 0.000, 0.000, 0.000, 0.020, 120.450, -133.938, 90.450, 45.000, 0.000, 0.000, 0.000, 0.020, 120.450, -136.063
91.350, 45.000, 0.000, -0.000, 0.000, 0.020, 121.350, -133.938, 91.350, 45.000, 0.000, -0.000, 0.000, 0.020, 121.350, -136.063
92.250, 45.000, -0.000, -0.000, 0.000, 0.020, 122.250, -133.938, 92.250, 45.000, -0.000, -0.000, 0.000, 0.020, 122.250, -136.063
93.150, 45.000, 0.000, 0.000, 0.000, 0.020, 123.150, -133.938, 93.150, 45.000, 0.000, 0.000, 0.000, 0.020, 123.150, -136.063
94.050, 45.000, -0.000, -0.000, 0.000, 0.020, 124.050, -133.938, 94.050, 45.000, -0.000, -0.000, 0.000, 0.020, 124.050, -136.063
94.950, 45.000, -0.000, 0.000, 0.000, 0.020, 124.950, -133.938, 94.950, 45.000, -0.000, 0.000, 0.000, 0.020, 124.950, -136.063
95.850, 45.000, 0.000, 0.000, 0.000, 0.020, 125.850, -133.938, 95.850, 45.000, 0.000, 0.000, 0.000, 0.020, 125.850, -136.063
96.750, 45.000, -0.000, -0.000, 0.000, 0.020, 126.750, -133.938, 96.750, 45.000, -0.000, -0.000, 0.000, 0.020, 126.750, -136.063
97.650, 45.000, 0.000, 0.000, 0.000, 0.020, 127.650, -133.938, 97.650, 45.000, 0.000, 0.000, 0.000, 0.020, 127.650, -136.063
98.550, 45.000, -0.000, -0.000, 0.000, 0.020, 128.550, -133.938, 98.550, 45.000, -0.000, -0.000, 0.000, 0.020, 128.550, -136.063
99.450, 45.000, 0.000, 0.000, 0.000, 0.020, 129.450, -133.938, 99.450, 45.000, 0.000, 0.000, 0.000, 0.020, 129.450, -136.063
100.350, 45.000, -0.000, -0.000, 0.000, 0.020, 130.350, -133.938, 100.350, 45.000, -0.000, -0.000, 0.000, 0.020, 130.350, -136.063
101.250, 45.000, 0.000, 0.000, 0.000, 0.020, 131.250, -133.938, 101.250, 45.000, 0.000, 0.000, 0.000, 0.020, 131.250, -136.063
102.150, 45.000, 0.000, 0.000, 0.000, 0.020, 132.150, -133.938, 102.150, 45.000, 0.000, 0.000, 0.000, 0.020, 132.150, -136.063
103.050, 45.000, -0.000, -0.000, 0.000, 0.020, 133.050, -133.938, 103.050, 45.000, -0.000, -0.000, 0.000, 0.020, 133.050, -136.063
103.950, 45.000, 0.000, 0.000, 0.000, 0.020, 133.950, -133.938, 103.950, 45.000, 0.000, 0.000, 0.000, 0.020, 133.950, -136.063
104.850, 45.000, 0.000, 0.000, 0.000, 0.020, 134.850, -133.938, 104.850, 45.000, 0.000, 0.000, 0.000, 0.020, 134.850, -136.063
105.750, 45.000, -0.000, -0.000, 0.000, 0.020, 135.750, -133.938, 105.750, 45.000, -0.000, -0.000, 0.000, 0.020, 135.750, -136.063
106.650, 45.000, 0.000, 0.000, 0.000, 0.020, 136.650, -133.938, 106.650, 45.000, 0.000, 0.000, 0.000, 0.020, 136.650, -136.063
107.550, 45.000, 0.000, -0.000, 0.000, 0.020, 137.550, -133.938, 107.550, 45.000, 0.000, -0.000, 0.000, 0.020, 137.550, -136.063
108.450, 45.000, -0.000, -0.000, 0.000, 0.020, 138.450, -133.938, 108.450, 45.000, -0.000, -0.000, 0.000, 0.020, 138.450, -136.063
109.350, 45.000, 0.000, 0.000, 0.000, 0.020, 139.350, -133.938, 109.350, 45.000, 0.000, 0.000, 0.000, 0.020, 139.350, -136.063
110.250, 45.000, -0.000, -0.000, 0.000, 0.020, 140.250, -133.938, 110.250, 45.000, -0.000, -0.000, 0.000, 0.020, 140.250, -136.063
111.150, 45.000, 0.000, 0.000, 0.000, 0.020, 141.150, -133.938, 111.150, 45.000, 0.000, 0.000, 0.000, 0.020, 141.150, -136.063
112.050, 45.000, -0.000, -0.000, 0.000, 0.020, 142.050, -133.938, 112.050, 45.000, -0.000, -0.000, 0.000, 0.020, 142.050, -136.063
112.950, 45.000, 0.000, 0.000, 0.000, 0.020, 142.950, -133.938, 112.950, 45.000, 0.000, 0.000, 0.000, 0.020, 142.950, -136.063
113.850, 45.000, -0.000, -0.000, 0.000, 0.020, 143.850, -133.938, 113.850, 45.000, -0.000, -0.000, 0.000, 0.020, 143.850, -136.063
114.750, 45.000, 0.000, 0.000, 0.000, 0.020, 144.750, -133.938, 114.750, 45.000, 0.000, 0.000, 0.000, 0.020, 144.750, -136.063
115.650, 45.000, 0.000, -0.000, 0.000, 0.020, 145.650, -133.938, 115.650, 45.000, 0.000, -0.000, 0.000, 0.020, 145.650, -136.063
116.550, 45.000, -0.000, -0.000, 0.000, 0.020, 146.550, -133.938, 116.550, 45.000, -0.000, -0.000, 0.000, 0.020, 146.550, -136.063
117.450, 45.000, 0.000, 0.000, 0.000, 0.020, 147.450, -133.938, 117.450, 45.000, 0.000, 0.000, 0.000, 0.020, 147.450, -136.063
118.350, 45.000, -0.000, -0.000, 0.000, 0.020, 148.350, -133.938, 118.350, 45.000, -0.000, -0.000, 0.000, 0.020, 148.350, -136.063
119.250, 45.000, 0.000, 0.000, 0.000, 0.020, 149.250, -133.938, 119.250, 45.000, 0.000, 0.000, 0.000, 0.020, 149.250, -136.063
120.150, 45.000, -0.000, -0.000, 0.000, 0.020, 150.150, -133.938, 120.150, 45.000, -0.000, -0.000, 0.000, 0.020, 150.150, -136.063
121.050, 45.000, 0.000, 0.000, 0.000, 0.020, 151.050, -133.938, 121.050, 45.000, 0.000, 0.000, 0.000, 0.020, 151.050, -136.063
121.950, 45.000, -0.000, -0.000, 0.000, 0.020, 151.950, -133.938, 121.950, 45.000, -0.000, -0.000, 0.000, 0.020, 151.950, -136.063
122.850, 45.000, 0.000, 0.000, 0.000, 0.020, 152.850, -133.938, 122.850, 45.000, 0.000, 0.000, 0.000, 0.020, 152.850, -136.063
123.750, 45.000, 0.000, 0.000, 0.000, 0.020, 153.750, -133.938, 123.750, 45.000, 0.000, 0.000, 0.000, 0.020, 153.750, -136.063
124.650, 45.000, 0.000, 0.000, 0.000, 0.020, 154.650, -133.938, 124.650, 45.000, 0.000, 0.000, 0.000, 0.020, 154.650, -136.063
125.550, 45.000, 0.000, 0.000, 0.000, 0.020, 155.550, -133.938, 125.550, 45.000, 0.000, 0.000, 0.000, 0.020, 155.550, -136.063
126.450, 45.000, 0.000, 0.000, 0.000, 0.020, 156.450, -133.938, 126.450, 45.000, 0.000, 0.000, 0.000, 0.020, 156.450, -136.063
127.350, 45.000, 0.000, 0.000, 0.000, 0.020, 157.350, -133.938, 127.350, 45.000, 0.000, 0.000, 0.000, 0.020, 157.350, -136.063
128.250, 45.000, -0.000, -0.000, 0.000, 0.020, 158.250, -133.938, 128.250, 45.000, -0.000, -0.000, 0.000, 0.020, 158.250, -136.063
129.150, 45.000, 0.000, 0.000, 0.000, 0.020, 159.150, -133.938, 129.150, 45.000, 0.000, 0.000, 0.000, 0.020, 159.150, -136.063
130.050, 45.000, -0.000, -0.000, 0.000, 0.020, 160.050, -133.938, 130.050, 45.000, -0.000, -0.000, 0.000, 0.020, 160.050, -136.063
130.950, 45.000, 0.000, 0.000, 0.000, 0.020, 160.950, -133.938, 130.950, 45.000, 0.000, 0.000, 0.000, 0.020, 160.950, -136.063
131.850, 45.000, 0.000, 0.000, 0.000, 0.020, 161.850, -133.938, 131.850, 45.000, 0.000, 0.000, 0.000, 0.020, 161.850, -136.063
132.750, 45.000, 0.000, 0.000, 0.000, 0.020, 162.750, -133.938, 132.750, 45.000, 0.000, 0.000, 0.000, 0.020, 162.750, -136.063
133.650, 45.000, 0.000, 0.000, 0.000, 0.020, 163.650, -133.938, 133.650, 45.000, 0.000, 0.000, 0.000, 0.020, 163.650, -136.063
134.550, 45.000, 0.000, 0.000, 0.000, 0.020, 164.550, -133.938, 134.550, 45.000, 0.000, 0.000, 0.000, 0.020, 164.550, -136.063
135.450, 45.000, 0.000, 0.000, 0.000, 0.020, 165.450, -133.938, 135.450, 45.000, 0.000, 0.000, 0.000, 0.020, 165.450, -136.063
136.350, 45.000, -0.000, -0.000, 0.000, 0.020, 166.350, -133.938, 136.350, 45.000, -0.000, -0.000, 0.000, 0.020, 166.350, -136.063
137.250, 45.000, 0.000, 0.000, 0.000, 0.020, 167.250, -133.938, 137.250, 45.000, 0.000, 0.000, 0.000, 0.020, 167.250, -136.063
138.150, 45.000, -0.000, -0.000, 0.000, 0.020, 168.150, -133.938, 138.150, 45.000, -0.000, -0.000, 0.000, 0.020, 168.150, -136.063
139.050, 45.000, 0.000, 0.000, 0.000, 0.020, 169.050, -133.938, 139.050, 45.000, 0.000, 0.000, 0.000, 0.020, 169.050, -136.063
139.950, 45.000, 0.000, 0.000, 0.000, 0.020, 169.950, -133.938, 139.950, 45.000, 0.000, 0.000, 0.000, 0.020, 169.950, -136.063
140.850, 45.000, 0.000, 0.000, 0.000, 0.020, 170.850, -133.938, 140.850, 45.000, 0.000, 0.000, 0.000, 0.020, 170.850, -136.063
141.750, 45.000, 0.000, 0.000, 0.000, 0.020, 171.750, -133.938, 141.750, 45.000, 0.000, 0.000, 0.000, 0.020, 171.750, -136.063
142.650, 45.000, 0.000, 0.000, 0.000, 0.020, 172.650, -133.938, 142.650, 45.000, 0.000, 0.000, 0.000, 0.020, 172.650, -136.063
143.550, 45.000, 0.000, 0.000, 0.000, 0.020, 173.550, -133.938, 143.550, 45.000, 0.000, 0.000, 0.000, 0.020, 173.550, -136.063
144.450, 45.000, -0.000, -0.000, 0.000, 0.020, 174.450, -133.938, 144.450, 45.000, -0.000, -0.000, 0.000, 0.020, 174.450, -136.063
145.350, 45.000, 0.000, 0.000, 0.000, 0.020, 175.350, -133.938, 145.350, 45.000, 0.000, 0.000, 0.000, 0.020, 175.350, -136.063
146.250, 45.000, -0.000, -0.000, 0.000, 0.020, 176.250, -133.938, 146.250, 45.000, -0.000, -0.000, 0.000, 0.020, 176.250, -136.063
147.150, 45.000, 0.000, 0.000, 0.000, 0.020, 177.150, -133.938, 147.150, 45.000, 0.000, 0.000, 0.000, 0.020, 177.150, -136.063
148.050, 45.000, 0.000, 0.000, 0.000, 0.020, 178.050, -133.938, 148.050, 45.000, 0.000, 0.000, 0.000, 0.020, 178.050, -136.063
148.950, 45.000, -0.000, -0.000, 0.000, 0.020, 178.950, -133.938, 148.950, 45.000, -0.000, -0.000, 0.000, 0.020, 178.950, -136.063
149.850, 45.000, 0.000, 0.000, 0.000, 0.020, 179.850, -133.938, 149.850, 45.000, 0.000, 0.000, 0.000, 0.020, 179.850, -136.063
150.750, 45.000, -0.000, -0.000, 0.000, 0.020, 180.750, -133.938, 150.750, 45.000, -0.000, -0.000, 0.000, 0.020, 180.750, -136.063
151.650, 45.000, 0.000, 0.000, 0.000, 0.020, 181.650, -133.938, 151.650, 45.000, 0.000, 0.000, 0.000, 0.020, 181.650, -136.063
152.550, 45.000, 0.000, 0.000, 0.000, 0.020, 182.550, -133.938, 152.550, 45.000, 0.000, 0.000, 0.000, 0.020, 182.550, -136.063
153.450, 45.000, -0.000, -0.000, 0.000, 0.020, 183.450, -133.938, 153.450, 45.000, -0.000, -0.000, 0.000, 0.020, 183.450, -136.063
154.350, 45.000, 0.000, 0.000, 0.000, 0.020, 184.350, -133.938, 154.350, 45.000, 0.000, 0.000, 0.000, 0.020, 184.350, -136.063
155.250, 45.000, -0.000, -0.000, 0.000, 0.020, 185.250, -133.938, 155.250, 45.000, -0.000, -0.000, 0.000, 0.020, 185.250, -136.063
156.150, 45.000, 0.000, 0.000, 0.000, 0.020, 186.150, -133.938, 156.150, 45.000, 0.000, 0.000, 0.000, 0.020, 186.150, -136.063
157.050, 45.000, 0.000, 0.000, 0.000, 0.020, 187.050, -133.938, 157.050, 45.000, 0.000, 0.000, 0.000, 0.020, 187.050, -136.063
157.950, 45.000, -0.000, -0.000, 0.000, 0.020, 187.950, -133.938, 157.950, 45.000, -0.000, -0.000, 0.000, 0.020, 187.950, -136.063
158.850, 45.000, 0.000, 0.000, 0.000, 0.020, 188.850, -133.938, 158.850, 45.000, 0.000, 0.000, 0.000, 0.020, 188.850, -136.063
159.750, 45.000, -0.000, -0.000, 0.000, 0.020, 189.750, -133.938, 159.750, 45.000, -0.000, -0.000, 0.000, 0.020, 189.750, -136.063
160.650, 45.000, 0.000, 0.000, 0.000, 0.020, 190.650, -133.938, 160.650, 45.000, 0.000, 0.000, 0.000, 0.020, 190.650, -136.063
161.550, 45.000, 0.000, 0.000, 0.000, 0.020, 191.550, -133.938, 161.550, 45.000, 0.000, 0.000, 0.000, 0.020, 191.550, -136.063
162.450, 45.000, 0.000, 0.000, 0.000, 0.020, 192.450, -133.938, 162.450, 45.000, 0.000, 0.000, 0.000, 0.020, 192.450, -136.063
163.350, 45.000, 0.000, 0.000, 0.000, 0.020, 193.350, -133.938, 163.350, 45.000, 0.000, 0.000, 0.000, 0.020, 193.350, -136.063
164.250, 45.000, 0.000, 0.000, 0.000, 0.020, 194.250, -133.938, 164.250, 45.000, 0.000, 0.000, 0.000, 0.020, 194.250, -136.063
165.150, 45.000, 0.000, 0.000, 0.000, 0.020, 195.150, -133.938, 165.150, 45.000, 0.000, 0.000, 0.000, 0.020, 195.150, -136.063
166.050, 45.000, -0.000, -0.000, 0.000, 0.020, 196.050, -133.938, 166.050, 45.000, -0.000, -0.000, 0.000, 0.020, 196.050, -136.063
166.950, 45.000, 0.000, 0.000, 0.000, 0.020, 196.950, -133.938, 166.950, 45.000, 0.000, 0.000, 0.000, 0.020, 196.950, -136.063
167.850, 45.000, -0.000, -0.000, 0.000, 0.020, 197.850, -133.938, 167.850, 45.000, -0.000, -0.000, 0.000, 0.020, 197.850, -136.063
168.750, 45.000, 0.000, 0.000, 0.000, 0.020, 198.750, -133.938, 168.750, 45.000, 0.000, 0.000, 0.000, 0.020, 198.750, -136.063
169.650, 45.000, 0.000, 0.000, 0.000, 0.020, 199.650, -133.938, 169.650, 45.000, 0.000, 0.000, 0.000, 0.020, 199.650, -136.063
170.550, 44.997, -0.134, -6.706, 0.003, 0.020, 200.550, -133.937, 170.550, 45.003, 0.134, 6.706, 0.003, 0.020, 200.550, -136.062
171.450, 44.984, -0.658, -26.183, 0.020, 0.020, 201.450, -133.937, 171.450, 45.016, 0.658, 26.183, 0.020, 0.020, 201.450, -136.062
172.349, 44.970, -0.699, -2.077, 0.052, 0.020, 202.349, -133.937, 172.351, 45.030, 0.699, 2.076, 0.052, 0.020, 202.351, -136.062
173.248, 44.956, -0.688, 0.564, 0.099, 0.020, 203.248, -133.936, 173.252, 45.044, 0.688, -0.565, 0.099, 0.020, 203.252, -136.061
174.147, 44.943, -0.679, 0.477, 0.161, 0.020, 204.147, -133.934, 174.153, 45.057, 0.678, -0.478, 0.161, 0.020, 204.153, -136.059
175.046, 44.929, -0.671, 0.394, 0.237, 0.020, 205.046, -133.930, 175.054, 45.071, 0.671, -0.395, 0.237, 0.020, 205.054, -136.055
175.944, 44.916, -0.664, 0.316, 0.327, 0.020, 205.944, -133.926, 175.956, 45.084, 0.664, -0.317, 0.327, 0.020, 205.956, -136.051
176.842, 44.903, -0.659, 0.242, 0.432, 0.020, 206.842, -133.920, 176.858, 45.097, 0.659, -0.244, 0.432, 0.020, 206.858, -136.045
177.740, 44.890, -0.656, 0.172, 0.551, 0.020, 207.740, -133.912, 177.760, 45.110, 0.656, -0.173, 0.551, 0.020, 207.760, -136.037
178.637, 44.877, -0.654, 0.105, 0.684, 0.020, 208.637, -133.903, 178.663, 45.123, 0.654, -0.106, 0.684, 0.020, 208.663, -136.028
179.535, 44.864, -0.653, 0.040, 0.831, 0.020, 209.534, -133.891, 179.565, 45.136, 0.653, -0.042, 0.831, 0.020, 209.565, -136.016
180.432, 44.851, -0.654, -0.021, 0.992, 0.020, 210.431, -133.877, 180.468, 45.149, 0.653, 0.020, 0.992, 0.020, 210.468, -136.001
181.328, 44.838, -0.655, -0.081, 1.167, 0.020, 211.328, -133.860, 181.372, 45.162, 0.655, 0.080, 1.167, 0.020, 211.371, -135.984
182.225, 44.824, -0.658, -0.139, 1.356, 0.020, 212.224, -133.840, 182.275, 45.176, 0.658, 0.137, 1.356, 0.020, 212.274, -135.965
183.121, 44.811, -0.662, -0.194, 1.560, 0.020, 213.120, -133.817, 183.179, 45.189, 0.661, 0.193, 1.560, 0.020, 213.178, -135.942
184.017, 44.798, -0.667, -0.248, 1.778, 0.020, 214.016, -133.791, 184.083, 45.202, 0.666, 0.248, 1.778, 0.020, 214.082, -135.915
184.913, 44.784, -0.673, -0.302, 2.011, 0.020, 214.911, -133.762, 184.987, 45.216, 0.672, 0.300, 2.011, 0.020, 214.985, -135.885
185.808, 44.771, -0.680, -0.352, 2.258, 0.020, 215.806, -133.728, 185.892, 45.229, 0.679, 0.351, 2.258, 0.020, 215.889, -135.852
186.703, 44.757, -0.688, -0.403, 2.520, 0.020, 216.700, -133.691, 186.797, 45.243, 0.687, 0.401, 2.520, 0.020, 216.793, -135.814
187.598, 44.743, -0.697, -0.451, 2.797, 0.020, 217.594, -133.650, 187.702, 45.257, 0.696, 0.450, 2.797, 0.020, 217.698, -135.772
188.493, 44.729, -0.707, -0.498, 3.089, 0.020, 218.487, -133.604, 188.607, 45.271, 0.706, 0.497, 3.089, 0.020, 218.602, -135.726
189.387, 44.715, -0.718, -0.544, 3.397, 0.020, 219.380, -133.553, 189.513, 45.285, 0.717, 0.543, 3.397, 0.020, 219.506, -135.674
190.281, 44.700, -0.730, -0.589, 3.721, 0.020, 220.272, -133.498, 190.419, 45.300, 0.729, 0.587, 3.721, 0.020, 220.410, -135.618
191.175, 44.685, -0.742, -0.632, 4.060, 0.020, 221.164, -133.437, 191.325, 45.315, 0.742, 0.631, 4.060, 0.020, 221.315, -135.557
192.068, 44.670, -0.756, -0.675, 4.416, 0.020, 222.055, -133.371, 192.232, 45.330, 0.755, 0.671, 4.416, 0.020, 222.219, -135.490
192.961, 44.655, -0.770, -0.714, 4.789, 0.020, 222.945, -133.299, 193.139, 45.345, 0.769, 0.712, 4.789, 0.020, 223.123, -135.417
193.854, 44.639, -0.785, -0.751, 5.178, 0.020, 223.835, -133.222, 194.046, 45.361, 0.784, 0.749, 5.178, 0.020, 224.026, -135.338
194.746, 44.623, -0.801, -0.787, 5.585, 0.020, 224.723, -133.138, 194.954, 45.377, 0.800, 0.784, 5.585, 0.020, 224.930, -135.253
195.639, 44.607, -0.817, -0.819, 6.009, 0.020, 225.611, -133.048, 195.861, 45.393, 0.816, 0.817, 6.009, 0.020, 225.833, -135.161
196.530, 44.590, -0.834, -0.849, 6.451, 0.020, 226.497, -132.951, 196.770, 45.410, 0.833, 0.847, 6.451, 0.020, 226.736, -135.063
197.422, 44.573, -0.852, -0.876, 6.912, 0.020, 227.383, -132.848, 197.678, 45.427, 0.851, 0.872, 6.912, 0.020, 227.638, -134.957
198.313, 44.555, -0.870, -0.897, 7.391, 0.020, 228.267, -132.737, 198.587, 45.444, 0.869, 0.896, 7.391, 0.020, 228.540, -134.844
199.204, 44.538, -0.888, -0.916, 7.889, 0.020, 229.150, -132.618, 199.496, 45.462, 0.887, 0.911, 7.889, 0.020, 229.441, -134.723
200.094, 44.520, -0.906, -0.927, 8.407, 0.020, 230.031, -132.492, 200.406, 45.480, 0.905, 0.925, 8.407, 0.020, 230.342, -134.594
200.984, 44.501, -0.925, -0.933, 8.945, 0.020, 230.911, -132.358, 201.316, 45.499, 0.924, 0.930, 8.945, 0.020, 231.241, -134.457
201.874, 44.482, -0.944, -0.933, 9.504, 0.020, 231.789, -132.215, 202.226, 45.517, 0.942, 0.929, 9.504, 0.020, 232.140, -134.311
202.763, 44.463, -0.962, -0.924, 10.083, 0.020, 232.665, -132.064, 203.137, 45.537, 0.961, 0.921, 10.083, 0.020, 233.037, -134.156
203.652, 44.443, -0.980, -0.907, 10.683, 0.020, 233.540, -131.904, 204.048, 45.556, 0.979, 0.902, 10.683, 0.020, 233.934, -133.992
204.540, 44.423, -0.998, -0.879, 11.305, 0.020, 234.412, -131.735, 204.960, 45.576, 0.996, 0.876, 11.305, 0.020, 234.828, -133.818
205.428, 44.403, -1.015, -0.841, 11.948, 0.020, 235.282, -131.556, 205.872, 45.596, 1.013, 0.837, 11.948, 0.020, 235.722, -133.635
206.316, 44.382, -1.031, -0.790, 12.614, 0.020, 236.149, -131.367, 206.784, 45.617, 1.029, 0.787, 12.614, 0.020, 236.613, -133.441
207.203, 44.362, -1.045, -0.727, 13.302, 0.020, 237.014, -131.168, 207.697, 45.638, 1.043, 0.722, 13.302, 0.020, 237.503, -133.236
208.090, 44.340, -1.058, -0.648, 14.013, 0.020, 237.875, -130.959, 208.610, 45.659, 1.056, 0.643, 14.013, 0.020, 238.390, -133.020
208.976, 44.319, -1.069, -0.552, 14.747, 0.020, 238.734, -130.738, 209.523, 45.680, 1.067, 0.550, 14.747, 0.020, 239.275, -132.793
209.862, 44.297, -1.078, -0.442, 15.505, 0.020, 239.589, -130.507, 210.437, 45.702, 1.076, 0.437, 15.505, 0.020, 240.157, -132.555
210.748, 44.276, -1.084, -0.311, 16.286, 0.020, 240.441, -130.265, 211.352, 45.724, 1.082, 0.309, 16.286, 0.020, 241.037, -132.304
211.633, 44.254, -1.087, -0.163, 17.090, 0.020, 241.289, -130.011, 212.267, 45.745, 1.085, 0.159, 17.090, 0.020, 241.913, -132.042
212.518, 44.232, -1.087, 0.006, 17.917, 0.020, 242.133, -129.745, 213.182, 45.767, 1.085, -0.010, 17.917, 0.020, 242.786, -131.767
213.402, 44.211, -1.083, 0.197, 18.768, 0.020, 242.972, -129.466, 214.098, 45.789, 1.081, -0.198, 18.768, 0.020, 243.656, -131.478
214.286, 44.189, -1.075, 0.405, 19.642, 0.020, 243.806, -129.176, 215.014, 45.810, 1.073, -0.409, 19.642, 0.020, 244.521, -131.177
215.169, 44.168, -1.063, 0.637, 20.539, 0.020, 244.636, -128.872, 215.931, 45.831, 1.060, -0.638, 20.539, 0.020, 245.382, -130.862
216.052, 44.147, -1.045, 0.888, 21.459, 0.020, 245.460, -128.556, 216.848, 45.852, 1.042, -0.888, 21.459, 0.020, 246.238, -130.534
216.934, 44.127, -1.022, 1.157, 22.400, 0.020, 246.279, -128.226, 217.765, 45.872, 1.019, -1.159, 22.400, 0.020, 247.089, -130.191
217.817, 44.107, -0.993, 1.445, 23.363, 0.020, 247.092, -127.883, 218.683, 45.892, 0.990, -1.444, 23.363, 0.020, 247.934, -129.834
218.698, 44.087, -0.958, 1.746, 24.347, 0.020, 247.898, -127.527, 219.601, 45.911, 0.956, -1.745, 24.347, 0.020, 248.774, -129.463
219.580, 44.069, -0.917, 2.061, 25.350, 0.020, 248.698, -127.156, 220.520, 45.930, 0.914, -2.057, 25.350, 0.020, 249.608, -129.077
220.461, 44.052, -0.869, 2.382, 26.372, 0.020, 249.491, -126.772, 221.439, 45.947, 0.867, -2.379, 26.372, 0.020, 250.435, -128.676
221.341, 44.035, -0.815, 2.708, 27.412, 0.020, 250.276, -126.374, 222.358, 45.963, 0.813, -2.704, 27.412, 0.020, 251.255, -128.260
222.222, 44.020, -0.754, 3.033, 28.468, 0.020, 251.054, -125.961, 223.278, 45.978, 0.752, -3.027, 28.468, 0.020, 252.067, -127.829
223.102, 44.007, -0.687, 3.352, 29.538, 0.020, 251.824, -125.535, 224.198, 45.992, 0.685, -3.344, 29.538, 0.020, 252.871, -127.383
223.982, 43.994, -0.614, 3.658, 30.622, 0.020, 252.585, -125.094, 225.118, 46.004, 0.612, -3.651, 30.622, 0.020, 253.668, -126.922
224.862, 43.984, -0.535, 3.947, 31.718, 0.020, 253.338, -124.638, 226.038, 46.015, 0.534, -3.937, 31.718, 0.020, 254.455, -126.446
225.741, 43.975, -0.451, 4.211, 32.823, 0.020, 254.082, -124.169, 226.958, 46.024, 0.450, -4.201, 32.823, 0.020, 255.233, -125.954
226.620, 43.967, -0.362, 4.446, 33.936, 0.020, 254.816, -123.685, 227.879, 46.031, 0.361, -4.434, 33.936, 0.020, 256.002, -125.448
227.500, 43.962, -0.269, 4.645, 35.054, 0.020, 255.541, -123.187, 228.800, 46.037, 0.268, -4.633, 35.054, 0.020, 256.761, -124.927
228.379, 43.959, -0.173, 4.804, 36.177, 0.020, 256.255, -122.675, 229.721, 46.040, 0.172, -4.791, 36.177, 0.020, 257.510, -124.390
229.258, 43.957, -0.074, 4.919, 37.301, 0.020, 256.960, -122.149, 230.641, 46.041, 0.074, -4.906, 37.301, 0.020, 258.248, -123.839
230.137, 43.958, 0.025, 4.987, 38.424, 0.020, 257.654, -121.610, 231.562, 46.041, -0.025, -4.973, 38.424, 0.020, 258.975, -123.274
231.016, 43.960, 0.125, 5.006, 39.545, 0.020, 258.337, -121.056, 232.483, 46.038, -0.125, -4.993, 39.545, 0.020, 259.690, -122.695
231.896, 43.965, 0.225, 4.976, 40.661, 0.020, 259.010, -120.490, 233.404, 46.034, -0.224, -4.963, 40.661, 0.020, 260.394, -122.102
232.775, 43.971, 0.323, 4.898, 41.770, 0.020, 259.671, -119.911, 234.324, 46.028, -0.322, -4.884, 41.770, 0.020, 261.087, -121.495
233.655, 43.979, 0.418, 4.772, 42.870, 0.020, 260.322, -119.318, 235.245, 46.019, -0.417, -4.760, 42.870, 0.020, 261.767, -120.876
234.534, 43.990, 0.510, 4.603, 43.959, 0.020, 260.961, -118.714, 236.165, 46.009, -0.509, -4.592, 43.959, 0.020, 262.436, -120.243
235.414, 44.002, 0.598, 4.395, 45.035, 0.020, 261.588, -118.097, 237.085, 45.997, -0.597, -4.384, 45.035, 0.020, 263.092, -119.599
236.295, 44.015, 0.681, 4.152, 46.096, 0.020, 262.205, -117.468, 238.004, 45.983, -0.680, -4.142, 46.096, 0.020, 263.736, -118.942
237.175, 44.030, 0.759, 3.880, 47.141, 0.020, 262.810, -116.828, 238.924, 45.968, -0.757, -3.871, 47.141, 0.020, 264.367, -118.274
238.056, 44.047, 0.831, 3.584, 48.169, 0.020, 263.403, -116.177, 239.843, 45.952, -0.828, -3.577, 48.169, 0.020, 264.986, -117.594
238.938, 44.065, 0.896, 3.272, 49.176, 0.020, 263.985, -115.515, 240.761, 45.934, -0.894, -3.265, 49.176, 0.020, 265.593, -116.904
239.819, 44.084, 0.955, 2.948, 50.164, 0.020, 264.556, -114.843, 241.680, 45.915, -0.953, -2.943, 50.164, 0.020, 266.187, -116.204
240.701, 44.104, 1.007, 2.619, 51.129, 0.020, 265.115, -114.161, 242.598, 45.895, -1.005, -2.615, 51.129, 0.020, 266.769, -115.495
241.584, 44.125, 1.053, 2.290, 52.072, 0.020, 265.663, -113.469, 243.515, 45.874, -1.051, -2.287, 52.072, 0.020, 267.339, -114.776
242.467, 44.147, 1.092, 1.965, 52.991, 0.020, 266.200, -112.769, 244.432, 45.852, -1.090, -1.964, 52.991, 0.020, 267.897, -114.048
243.350, 44.170, 1.125, 1.650, 53.887, 0.020, 266.726, -112.059, 245.349, 45.829, -1.123, -1.649, 53.887, 0.020, 268.443, -113.311
244.234, 44.193, 1.152, 1.347, 54.757, 0.020, 267.242, -111.341, 246.265, 45.806, -1.150, -1.347, 54.757, 0.020, 268.977, -112.567
245.118, 44.216, 1.174, 1.059, 55.602, 0.020, 267.747, -110.615, 247.181, 45.783, -1.171, -1.061, 55.602, 0.020, 269.500, -111.816
246.003, 44.240, 1.189, 0.790, 56.421, 0.020, 268.241, -109.881, 248.096, 45.759, -1.187, -0.792, 56.421, 0.020, 270.012, -111.057
246.888, 44.264, 1.200, 0.539, 57.215, 0.020, 268.726, -109.140, 249.010, 45.735, -1.198, -0.542, 57.215, 0.020, 270.512, -110.291
247.774, 44.288, 1.206, 0.309, 57.982, 0.020, 269.200, -108.393, 249.925, 45.711, -1.204, -0.313, 57.982, 0.020, 271.002, -109.519
248.660, 44.312, 1.208, 0.100, 58.724, 0.020, 269.665, -107.638, 250.838, 45.687, -1.206, -0.103, 58.724, 0.020, 271.481, -108.741
249.547, 44.336, 1.207, -0.088, 59.439, 0.020, 270.121, -106.877, 251.752, 45.663, -1.204, 0.084, 59.439, 0.020, 271.951, -107.958
250.434, 44.360, 1.201, -0.256, 60.129, 0.020, 270.567, -106.111, 252.664, 45.639, -1.199, 0.252, 60.129, 0.020, 272.410, -107.169
251.322, 44.384, 1.193, -0.404, 60.792, 0.020, 271.005, -105.338, 253.577, 45.615, -1.191, 0.399, 60.792, 0.020, 272.860, -106.375
252.210, 44.408, 1.183, -0.532, 61.431, 0.020, 271.434, -104.561, 254.489, 45.592, -1.181, 0.528, 61.431, 0.020, 273.300, -105.577
253.099, 44.431, 1.170, -0.643, 62.044, 0.020, 271.855, -103.778, 255.400, 45.568, -1.168, 0.638, 62.044, 0.020, 273.732, -104.774
253.988, 44.454, 1.155, -0.737, 62.632, 0.020, 272.268, -102.991, 256.311, 45.545, -1.153, 0.731, 62.632, 0.020, 274.155, -103.967
254.877, 44.477, 1.139, -0.814, 63.196, 0.020, 272.673, -102.199, 257.221, 45.522, -1.137, 0.810, 63.196, 0.020, 274.569, -103.157
255.767, 44.500, 1.121, -0.878, 63.735, 0.020, 273.070, -101.402, 258.131, 45.500, -1.120, 0.873, 63.735, 0.020, 274.976, -102.343
256.658, 44.522, 1.103, -0.929, 64.251, 0.020, 273.460, -100.602, 259.041, 45.478, -1.101, 0.924, 64.251, 0.020, 275.374, -101.525
257.549, 44.543, 1.083, -0.968, 64.744, 0.020, 273.844, -99.798, 259.950, 45.456, -1.082, 0.964, 64.744, 0.020, 275.766, -100.705
258.440, 44.565, 1.063, -0.996, 65.213, 0.020, 274.221, -98.990, 260.859, 45.435, -1.062, 0.992, 65.213, 0.020, 276.150, -99.881
259.332, 44.585, 1.043, -1.016, 65.660, 0.020, 274.592, -98.179, 261.767, 45.414, -1.042, 1.011, 65.660, 0.020, 276.528, -99.055
260.224, 44.606, 1.023, -1.026, 66.085, 0.020, 274.956, -97.365, 262.675, 45.394, -1.022, 1.022, 66.085, 0.020, 276.899, -98.226
261.116, 44.626, 1.002, -1.030, 66.488, 0.020, 275.315, -96.548, 263.582, 45.374, -1.001, 1.026, 66.488, 0.020, 277.264, -97.396
262.009, 44.646, 0.981, -1.028, 66.870, 0.020, 275.669, -95.728, 264.489, 45.354, -0.981, 1.023, 66.870, 0.020, 277.623, -96.563
262.903, 44.665, 0.961, -1.019, 67.232, 0.020, 276.017, -94.905, 265.396, 45.335, -0.960, 1.017, 67.232, 0.020, 277.976, -95.728
263.796, 44.684, 0.941, -1.008, 67.573, 0.020, 276.360, -94.080, 266.302, 45.316, -0.940, 1.004, 67.573, 0.020, 278.325, -94.891
264.690, 44.702, 0.921, -0.991, 67.894, 0.020, 276.699, -93.253, 267.208, 45.298, -0.920, 0.988, 67.894, 0.020, 278.668, -94.053
265.585, 44.720, 0.902, -0.972, 68.196, 0.020, 277.033, -92.423, 268.114, 45.280, -0.901, 0.969, 68.196, 0.020, 279.006, -93.213
266.479, 44.738, 0.883, -0.951, 68.479, 0.020, 277.364, -91.592, 269.019, 45.262, -0.882, 0.947, 68.479, 0.020, 279.341, -92.371
267.375, 44.755, 0.864, -0.927, 68.743, 0.020, 277.690, -90.758, 269.924, 45.245, -0.864, 0.925, 68.743, 0.020, 279.671, -91.529
268.270, 44.772, 0.846, -0.902, 68.989, 0.020, 278.013, -89.923, 270.829, 45.228, -0.846, 0.899, 68.989, 0.020, 279.997, -90.685
269.166, 44.788, 0.829, -0.876, 69.217, 0.020, 278.332, -89.086, 271.733, 45.211, -0.828, 0.873, 69.217, 0.020, 280.319, -89.840
270.062, 44.805, 0.812, -0.849, 69.428, 0.020, 278.649, -88.248, 272.637, 45.195, -0.811, 0.847, 69.428, 0.020, 280.638, -88.994
270.958, 44.821, 0.795, -0.822, 69.621, 0.020, 278.962, -87.408, 273.540, 45.179, -0.795, 0.820, 69.621, 0.020, 280.954, -88.148
271.855, 44.836, 0.779, -0.795, 69.798, 0.020, 279.273, -86.567, 274.444, 45.164, -0.779, 0.793, 69.798, 0.020, 281.268, -87.301
272.752, 44.851, 0.764, -0.768, 69.958, 0.020, 279.582, -85.725, 275.347, 45.148, -0.764, 0.766, 69.958, 0.020, 281.578, -86.453
273.649, 44.866, 0.749, -0.742, 70.102, 0.020, 279.888, -84.881, 276.249, 45.134, -0.749, 0.740, 70.102, 0.020, 281.886, -85.604
274.547, 44.881, 0.735, -0.716, 70.230, 0.020, 280.193, -84.037, 277.152, 45.119, -0.734, 0.715, 70.230, 0.020, 282.193, -84.756
275.445, 44.896, 0.721, -0.692, 70.343, 0.020, 280.496, -83.192, 278.054, 45.104, -0.721, 0.690, 70.343, 0.020, 282.497, -83.906
276.343, 44.910, 0.708, -0.668, 70.440, 0.020, 280.797, -82.345, 278.956, 45.090, -0.707, 0.666, 70.440, 0.020, 282.800, -83.057
277.242, 44.924, 0.695, -0.645, 70.523, 0.020, 281.097, -81.499, 279.857, 45.076, -0.694, 0.644, 70.523, 0.020, 283.101, -82.207
278.140, 44.937, 0.682, -0.624, 70.590, 0.020, 281.396, -80.651, 280.758, 45.063, -0.682, 0.623, 70.590, 0.020, 283.401, -81.357
279.039, 44.951, 0.670, -0.605, 70.643, 0.020, 281.695, -79.803, 281.659, 45.049, -0.670, 0.604, 70.643, 0.020, 283.700, -80.507
279.939, 44.964, 0.658, -0.587, 70.682, 0.020, 281.993, -78.955, 282.560, 45.036, -0.658, 0.586, 70.682, 0.020, 283.998, -79.657
280.838, 44.977, 0.647, -0.571, 70.707, 0.020, 282.290, -78.106, 283.461, 45.023, -0.647, 0.570, 70.707, 0.020, 284.296, -78.808
281.738, 44.989, 0.636, -0.556, 70.719, 0.020, 282.587, -77.256, 284.361, 45.011, -0.636, 0.555, 70.719, 0.020, 284.593, -77.958
282.638, 45.002, 0.625, -0.544, 70.717, 0.020, 282.884, -76.407, 285.261, 44.998, -0.625, 0.543, 70.717, 0.020, 284.890, -77.108
283.538, 45.014, 0.614, -0.533, 70.701, 0.020, 283.182, -75.557, 286.160, 44.986, -0.614, 0.532, 70.701, 0.020, 285.187, -76.259
284.439, 45.026, 0.604, -0.525, 70.673, 0.020, 283.480, -74.707, 287.060, 44.974, -0.604, 0.524, 70.673, 0.020, 285.485, -75.410
285.340, 45.038, 0.593, -0.519, 70.632, 0.020, 283.778, -73.857, 287.959, 44.962, -0.593, 0.518, 70.632, 0.020, 285.783, -74.562
286.241, 45.050, 0.583, -0.515, 70.578, 0.020, 284.077, -73.007, 288.858, 44.950, -0.583, 0.514, 70.578, 0.020, 286.081, -73.714
287.142, 45.061, 0.573, -0.514, 70.512, 0.020, 284.377, -72.158, 289.757, 44.939, -0.573, 0.513, 70.512, 0.020, 286.381, -72.866
288.043, 45.073, 0.562, -0.515, 70.434, 0.020, 284.679, -71.308, 290.655, 44.927, -0.563, 0.514, 70.434, 0.020, 286.681, -72.020
288.945, 45.084, 0.552, -0.518, 70.343, 0.020, 284.981, -70.459, 291.554, 44.916, -0.552, 0.518, 70.343, 0.020, 286.982, -71.173
289.847, 45.094, 0.542, -0.525, 70.242, 0.020, 285.285, -69.610, 292.452, 44.906, -0.542, 0.524, 70.242, 0.020, 287.285, -70.328
290.749, 45.105, 0.531, -0.534, 70.128, 0.020, 285.591, -68.761, 293.350, 44.895, -0.531, 0.533, 70.128, 0.020, 287.590, -69.483
291.651, 45.115, 0.520, -0.546, 70.004, 0.020, 285.899, -67.913, 294.248, 44.885, -0.520, 0.545, 70.004, 0.020, 287.896, -68.639
292.554, 45.126, 0.509, -0.560, 69.868, 0.020, 286.208, -67.065, 295.145, 44.874, -0.509, 0.560, 69.868, 0.020, 288.204, -67.796
293.456, 45.136, 0.497, -0.578, 69.722, 0.020, 286.520, -66.218, 296.042, 44.864, -0.497, 0.578, 69.722, 0.020, 288.513, -66.954
294.359, 45.145, 0.485, -0.599, 69.565, 0.020, 286.834, -65.371, 296.939, 44.855, -0.485, 0.599, 69.565, 0.020, 288.825, -66.113
295.262, 45.155, 0.473, -0.623, 69.398, 0.020, 287.151, -64.525, 297.836, 44.845, -0.473, 0.623, 69.398, 0.020, 289.140, -65.273
296.166, 45.164, 0.460, -0.650, 69.222, 0.020, 287.470, -63.680, 298.733, 44.836, -0.460, 0.650, 69.222, 0.020, 289.457, -64.434
297.069, 45.173, 0.446, -0.681, 69.035, 0.020, 287.792, -62.836, 299.630, 44.827, -0.446, 0.681, 69.035, 0.020, 289.776, -63.596
297.973, 45.181, 0.432, -0.715, 68.839, 0.020, 288.116, -61.993, 300.526, 44.818, -0.432, 0.715, 68.839, 0.020, 290.098, -62.760
298.877, 45.190, 0.417, -0.752, 68.635, 0.020, 288.444, -61.151, 301.422, 44.810, -0.417, 0.752, 68.635, 0.020, 290.423, -61.925
299.781, 45.198, 0.401, -0.793, 68.421, 0.020, 288.775, -60.309, 302.318, 44.802, -0.401, 0.792, 68.421, 0.020, 290.751, -61.091
300.685, 45.206, 0.384, -0.836, 68.200, 0.020, 289.109, -59.469, 303.214, 44.794, -0.384, 0.837, 68.200, 0.020, 291.082, -60.258
301.589, 45.213, 0.367, -0.884, 67.970, 0.020, 289.447, -58.630, 304.110, 44.787, -0.367, 0.884, 67.970, 0.020, 291.417, -59.427
302.493, 45.220, 0.348, -0.934, 67.733, 0.020, 289.788, -57.793, 305.005, 44.780, -0.348, 0.934, 67.733, 0.020, 291.754, -58.598
303.398, 45.226, 0.328, -0.988, 67.489, 0.020, 290.132, -56.956, 305.901, 44.774, -0.328, 0.989, 67.489, 0.020, 292.095, -57.770
304.302, 45.233, 0.307, -1.045, 67.238, 0.020, 290.480, -56.121, 306.796, 44.767, -0.307, 1.045, 67.238, 0.020, 292.440, -56.944
305.207, 45.238, 0.285, -1.105, 66.981, 0.020, 290.832, -55.288, 307.691, 44.762, -0.285, 1.106, 66.981, 0.020, 292.788, -56.119
306.112, 45.243, 0.262, -1.169, 66.718, 0.020, 291.188, -54.456, 308.587, 44.756, -0.262, 1.169, 66.718, 0.020, 293.140, -55.296
307.017, 45.248, 0.237, -1.234, 66.451, 0.020, 291.548, -53.625, 309.482, 44.752, -0.237, 1.236, 66.451, 0.020, 293.496, -54.474
307.922, 45.252, 0.211, -1.304, 66.178, 0.020, 291.911, -52.797, 310.377, 44.748, -0.211, 1.304, 66.178, 0.020, 293.855, -53.655
308.827, 45.256, 0.183, -1.375, 65.902, 0.020, 292.279, -51.969, 311.271, 44.744, -0.184, 1.376, 65.902, 0.020, 294.219, -52.837
309.732, 45.259, 0.154, -1.448, 65.623, 0.020, 292.650, -51.144, 312.166, 44.741, -0.155, 1.449, 65.623, 0.020, 294.586, -52.021
310.638, 45.262, 0.124, -1.524, 65.340, 0.020, 293.026, -50.320, 313.061, 44.738, -0.124, 1.524, 65.340, 0.020, 294.957, -51.207
311.543, 45.263, 0.092, -1.601, 65.056, 0.020, 293.406, -49.499, 313.956, 44.736, -0.092, 1.602, 65.056, 0.020, 295.333, -50.395
312.448, 45.265, 0.058, -1.679, 64.771, 0.020, 293.790, -48.679, 314.850, 44.735, -0.058, 1.680, 64.771, 0.020, 295.712, -49.585
313.354, 45.265, 0.023, -1.759, 64.485, 0.020, 294.178, -47.861, 315.745, 44.735, -0.023, 1.760, 64.485, 0.020, 296.095, -48.776
314.259, 45.265, -0.014, -1.839, 64.199, 0.020, 294.570, -47.045, 316.640, 44.735, 0.014, 1.840, 64.199, 0.020, 296.483, -47.970
315.164, 45.264, -0.052, -1.920, 63.914, 0.020, 294.966, -46.231, 317.535, 44.736, 0.052, 1.921, 63.914, 0.020, 296.874, -47.165
316.069, 45.262, -0.092, -2.000, 63.632, 0.020, 295.366, -45.419, 318.429, 44.738, 0.092, 2.002, 63.632, 0.020, 297.270, -46.362
316.975, 45.259, -0.134, -2.080, 63.352, 0.020, 295.770, -44.609, 319.324, 44.741, 0.134, 2.082, 63.352, 0.020, 297.669, -45.562
317.880, 45.256, -0.177, -2.160, 63.076, 0.020, 296.178, -43.801, 320.219, 44.744, 0.177, 2.161, 63.076, 0.020, 298.072, -44.763
318.785, 45.251, -0.221, -2.237, 62.805, 0.020, 296.589, -42.995, 321.114, 44.749, 0.222, 2.239, 62.805, 0.020, 298.479, -43.966
319.690, 45.246, -0.268, -2.314, 62.540, 0.020, 297.005, -42.191, 322.009, 44.754, 0.268, 2.315, 62.540, 0.020, 298.890, -43.171
320.594, 45.205, -2.038, -88.535, 62.281, 0.020, 297.423, -41.390, 322.904, 44.726, -1.389, -82.859, 62.281, 0.020, 299.305, -42.378
321.494, 45.037, -8.387, -317.435, 62.032, 0.020, 297.844, -40.593, 323.795, 44.575, -7.578, -309.423, 62.032, 0.020, 299.721, -41.590
322.388, 44.686, -17.587, -459.977, 61.793, 0.020, 298.265, -39.805, 324.680, 44.243, -16.597, -450.952, 61.793, 0.020, 300.138, -40.809
323.271, 44.150, -26.779, -459.596, 61.566, 0.020, 298.684, -39.027, 325.555, 43.730, -25.623, -451.333, 61.566, 0.020, 300.552, -40.039
324.140, 43.431, -35.961, -459.116, 61.354, 0.020, 299.099, -38.264, 326.415, 43.037, -34.660, -451.814, 61.354, 0.020, 300.964, -39.283
324.990, 42.528, -45.132, -458.544, 61.157, 0.020, 299.508, -37.518, 327.259, 42.163, -43.707, -452.387, 61.157, 0.020, 301.369, -38.544
325.819, 41.443, -54.290, -457.891, 60.976, 0.020, 299.909, -36.793, 328.081, 41.107, -52.768, -453.041, 60.976, 0.020, 301.767, -37.824
326.623, 40.174, -63.433, -457.171, 60.813, 0.020, 300.300, -36.091, 328.878, 39.871, -61.843, -453.761, 60.813, 0.020, 302.155, -37.127
327.397, 38.723, -72.561, -456.404, 60.667, 0.020, 300.678, -35.415, 329.647, 38.452, -70.934, -454.529, 60.667, 0.020, 302.531, -36.456
328.139, 37.089, -81.673, -455.610, 60.538, 0.020, 301.042, -34.769, 330.384, 36.851, -80.041, -455.323, 60.538, 0.020, 302.893, -35.814
328.844, 35.274, -90.770, -454.815, 60.427, 0.020, 301.390, -34.155, 331.086, 35.068, -89.163, -456.119, 60.427, 0.020, 303.238, -35.204
329.510, 33.277, -99.851, -454.045, 60.333, 0.020, 301.719, -33.577, 331.748, 33.102, -98.301, -456.889, 60.333, 0.020, 303.565, -34.629
330.132, 31.098, -108.917, -453.328, 60.254, 0.020, 302.027, -33.037, 332.367, 30.953, -107.453, -457.606, 60.254, 0.020, 303.872, -34.091
330.707, 28.773, -116.254, -366.830, 60.190, 0.020, 302.313, -32.537, 332.940, 28.655, -114.907, -372.708, 60.190, 0.020, 304.157, -33.593
331.235, 26.393, -119.019, -138.282, 60.139, 0.020, 302.576, -32.079, 333.466, 26.298, -117.823, -145.790, 60.139, 0.020, 304.418, -33.137
331.716, 24.014, -118.938, 4.046, 60.099, 0.020, 302.815, -31.663, 333.944, 23.940, -117.904, -4.047, 60.099, 0.020, 304.657, -32.722
332.148, 21.637, -118.860, 3.914, 60.069, 0.020, 303.031, -31.288, 334.376, 21.580, -117.982, -3.915, 60.069, 0.020, 304.872, -32.348
332.533, 19.261, -118.786, 3.717, 60.046, 0.020, 303.223, -30.954, 334.760, 19.219, -118.056, -3.718, 60.046, 0.020, 305.064, -32.015
332.871, 16.887, -118.717, 3.461, 60.030, 0.020, 303.392, -30.661, 335.098, 16.857, -118.126, -3.461, 60.030, 0.020, 305.233, -31.723
333.162, 14.548, -116.938, 88.904, 60.019, 0.020, 303.537, -30.409, 335.388, 14.527, -116.476, 82.491, 60.019, 0.020, 305.378, -31.471
333.409, 12.336, -110.612, 316.347, 60.011, 0.020, 303.660, -30.195, 335.635, 12.322, -110.265, 310.514, 60.011, 0.020, 305.501, -31.258
333.615, 10.307, -101.453, 457.907, 60.006, 0.020, 303.763, -30.017, 335.841, 10.298, -101.205, 453.024, 60.006, 0.020, 305.604, -31.079
333.784, 8.461, -92.306, 457.367, 60.003, 0.020, 303.848, -29.870, 336.010, 8.455, -92.134, 453.565, 60.003, 0.020, 305.688, -30.933
333.920, 6.797, -83.168, 456.902, 60.002, 0.020, 303.916, -29.753, 336.146, 6.794, -83.053, 454.029, 60.002, 0.020, 305.756, -30.815
334.027, 5.317, -74.038, 456.514, 60.001, 0.020, 303.969, -29.661, 336.252, 5.315, -73.965, 454.417, 60.001, 0.020, 305.809, -30.723
334.107, 4.018, -64.914, 456.199, 60.000, 0.020, 304.009, -29.591, 336.332, 4.017, -64.870, 454.732, 60.000, 0.020, 305.850, -30.653
334.165, 2.902, -55.795, 455.953, 60.000, 0.020, 304.038, -29.541, 336.390, 2.902, -55.771, 454.978, 60.000, 0.020, 305.879, -30.603
334.204, 1.969, -46.679, 455.768, 60.000, 0.020, 304.058, -29.507, 336.430, 1.969, -46.667, 455.163, 60.000, 0.020, 305.898, -30.569
334.229, 1.218, -37.567, 455.636, 60.000, 0.020, 304.070, -29.485, 336.454, 1.218, -37.561, 455.295, 60.000, 0.020, 305.910, -30.548
334.242, 0.648, -28.456, 455.550, 60.000, 0.020, 304.077, -29.474, 336.467, 0.648, -28.454, 455.381, 60.000, 0.020, 305.917, -30.537
334.247, 0.262, -19.346, 455.500, 60.000, 0.020, 304.079, -29.470, 336.472, 0.262, -19.345, 455.431, 60.000, 0.020, 305.920, -30.532
334.248, 0.057, -10.236, 455.475, 60.000, 0.020, 304.080, -29.469, 336.473, 0.057, -10.236, 455.456, 60.000, 0.020, 305.920, -30.531
334.248, 0.000, -2.841, 369.769, 60.000, 0.020, 304.080, -29.469, 336.473, 0.000, -2.841, 369.766, 60.000, 0.020, 305.920, -30.531
